Food Category,Waste (Million Tons),Waste Percentage (%)
Leafy Vegetables,13.0,21.666666666666668
Dairy,10.0,16.666666666666664
Root Vegetables,8.0,13.333333333333334
Processed Grains,7.0,11.666666666666666
Whole Grains,6.5,10.833333333333334
Poultry,6.0,10.0
Red Meat,5.5,9.166666666666666
Fish,4.0,6.666666666666667
Citrus Fruits,3.5,5.833333333333333
Berries,2.5,4.166666666666666
Legumes & Seeds,2.0,3.3333333333333335
Other Items,1.5,2.5
